return_id,sale_id,return_date,return_reason,refund_amount
10651,10651,2023-01-08,changed mind,25.23
2042,2042,2022-11-24,late delivery,1340.45
8669,8669,2024-05-14,defective,284.47
1115,1115,2023-05-01,changed mind,676.85
13903,13903,2024-09-01,wrong size,342.85
11964,11964,2023-03-28,defective,721.62
11073,11073,2024-12-07,wrong size,87.95
3003,3003,2022-05-11,wrong size,54.89
19772,19772,2023-06-05,late delivery,47.87
8116,8116,2024-06-17,wrong size,205.99
3526,3526,2022-06-10,changed mind,326.05
7880,7880,2024-09-26,changed mind,727.94
16442,16442,2022-04-22,wrong size,868.32
16297,16297,2024-05-29,wrong size,423.17
12567,12567,2024-11-12,wrong size,190.22
5253,5253,2023-03-06,late delivery,83.02
19394,19394,2023-10-27,late delivery,1070.46
16797,16797,2024-05-04,defective,106.78
8095,8095,2022-06-17,changed mind,113.0
323,323,2024-07-14,changed mind,369.21
9924,9924,2023-01-19,defective,672.73
7460,7460,2023-06-06,defective,23.93
19025,19025,2022-07-27,changed mind,361.93
17554,17554,2023-05-01,late delivery,595.81
9120,9120,2023-11-17,late delivery,795.38
16422,16422,2023-09-25,late delivery,505.54
16061,16061,2024-05-25,defective,770.54
10121,10121,2022-12-01,wrong size,527.99
19056,19056,2023-06-23,late delivery,377.72
3650,3650,2024-11-24,late delivery,63.43
3942,3942,2024-12-15,wrong size,439.77
17881,17881,2023-04-27,changed mind,637.32
16676,16676,2023-01-08,changed mind,1180.69
12631,12631,2023-05-21,late delivery,1077.84
11444,11444,2023-01-22,changed mind,786.0
12158,12158,2022-09-18,changed mind,1207.81
13836,13836,2022-11-18,late delivery,661.72
3435,3435,2023-07-11,late delivery,165.82
18740,18740,2023-12-25,defective,606.87
17408,17408,2024-07-26,late delivery,725.04
15441,15441,2024-03-16,late delivery,225.2
10407,10407,2023-02-12,wrong size,360.42
6518,6518,2023-12-18,wrong size,79.08
972,972,2023-09-28,late delivery,979.2
16488,16488,2023-01-11,defective,25.09
19731,19731,2023-08-21,wrong size,470.66
13138,13138,2024-03-03,defective,144.75
3670,3670,2024-09-28,late delivery,82.06
15984,15984,2024-06-12,changed mind,153.94
4059,4059,2024-04-25,changed mind,398.79
14977,14977,2023-10-12,late delivery,779.37
15699,15699,2022-07-20,defective,231.59
13830,13830,2024-05-03,changed mind,428.96
13420,13420,2024-08-04,changed mind,610.51
961,961,2022-10-03,wrong size,120.04
17745,17745,2022-12-04,changed mind,233.48
9865,9865,2023-02-01,late delivery,755.06
11264,11264,2024-08-15,late delivery,323.66
15783,15783,2024-06-19,defective,325.28
17197,17197,2022-05-27,late delivery,544.5
7555,7555,2024-10-10,defective,424.32
10499,10499,2025-01-02,late delivery,330.4
17060,17060,2024-04-09,defective,130.04
17929,17929,2023-03-08,changed mind,90.07
7086,7086,2022-04-06,defective,368.65
14754,14754,2023-09-19,defective,1275.13
4520,4520,2023-01-20,late delivery,742.92
3025,3025,2023-01-11,late delivery,203.41
12122,12122,2024-05-06,late delivery,1745.85
18495,18495,2024-10-11,changed mind,736.39
5484,5484,2022-02-05,wrong size,470.58
1420,1420,2023-09-19,changed mind,337.0
6210,6210,2022-07-20,wrong size,84.92
10743,10743,2022-09-30,late delivery,26.74
16144,16144,2024-10-17,late delivery,300.18
17618,17618,2024-06-24,late delivery,343.71
14569,14569,2023-11-03,changed mind,1539.33
981,981,2022-12-06,wrong size,539.15
2784,2784,2024-12-12,changed mind,1514.73
7714,7714,2023-08-30,wrong size,476.55
11519,11519,2022-09-05,changed mind,612.86
8601,8601,2024-05-21,wrong size,12.91
11641,11641,2023-11-07,defective,144.13
18831,18831,2024-06-20,changed mind,424.76
12563,12563,2023-01-31,wrong size,182.23
12752,12752,2022-12-15,late delivery,468.69
6385,6385,2022-05-09,changed mind,886.8
4808,4808,2024-10-12,wrong size,145.48
6196,6196,2024-04-07,late delivery,281.61
10649,10649,2022-06-20,defective,200.86
7568,7568,2024-06-29,changed mind,54.44
16398,16398,2022-01-24,late delivery,149.86
17525,17525,2023-02-11,defective,1150.5
1347,1347,2022-05-20,changed mind,522.88
13125,13125,2025-01-01,changed mind,86.3
12674,12674,2022-12-26,defective,717.57
15456,15456,2024-02-08,late delivery,422.67
14002,14002,2025-01-02,changed mind,329.79
18622,18622,2022-05-03,wrong size,444.52
2120,2120,2023-07-09,defective,519.64
15305,15305,2023-03-02,changed mind,141.66
4310,4310,2024-07-06,changed mind,130.81
4485,4485,2023-10-11,defective,774.52
11014,11014,2023-04-23,wrong size,378.52
4771,4771,2022-02-27,changed mind,78.87
2713,2713,2024-12-08,defective,184.85
12187,12187,2023-03-10,wrong size,84.95
16616,16616,2022-12-22,late delivery,238.85
10948,10948,2024-04-22,changed mind,181.86
2546,2546,2024-11-23,wrong size,663.42
12620,12620,2024-02-19,wrong size,74.92
9852,9852,2023-03-22,wrong size,794.28
4411,4411,2024-12-14,changed mind,573.8
19648,19648,2024-09-07,wrong size,980.32
12345,12345,2024-07-19,changed mind,169.1
12408,12408,2023-05-22,late delivery,117.98
9611,9611,2022-04-16,defective,1139.82
10719,10719,2022-02-03,wrong size,97.24
7572,7572,2022-02-02,wrong size,35.94
3571,3571,2022-04-22,wrong size,1213.02
8603,8603,2022-04-20,late delivery,500.11
3560,3560,2023-06-14,changed mind,141.01
4992,4992,2022-12-05,wrong size,364.66
7440,7440,2023-01-17,changed mind,243.24
9326,9326,2023-01-19,changed mind,866.07
2301,2301,2023-02-08,wrong size,1602.55
7667,7667,2022-11-03,defective,91.33
5805,5805,2023-10-22,defective,347.19
12023,12023,2024-10-10,wrong size,360.47
15538,15538,2023-09-17,late delivery,160.41
9758,9758,2024-08-26,changed mind,226.79
12015,12015,2025-01-13,changed mind,240.89
5212,5212,2023-08-23,defective,673.74
11549,11549,2023-10-09,late delivery,403.9
12367,12367,2024-03-12,late delivery,358.19
9271,9271,2024-05-01,defective,241.23
3976,3976,2022-04-12,wrong size,111.03
16091,16091,2023-11-09,changed mind,1436.75
17233,17233,2024-08-19,wrong size,70.79
17444,17444,2024-01-14,defective,148.14
13657,13657,2023-04-03,wrong size,456.68
15646,15646,2022-06-20,wrong size,772.21
2731,2731,2023-09-04,late delivery,341.05
3299,3299,2023-01-05,changed mind,675.95
8957,8957,2024-02-21,late delivery,464.28
17411,17411,2024-10-21,wrong size,165.42
15156,15156,2022-05-25,late delivery,199.71
17277,17277,2023-10-23,changed mind,330.91
6704,6704,2024-04-02,defective,69.44
1969,1969,2024-12-08,defective,331.76
4937,4937,2022-11-17,defective,70.42
2113,2113,2023-12-21,changed mind,702.16
879,879,2024-08-10,late delivery,700.64
19076,19076,2023-07-31,wrong size,972.19
12990,12990,2024-04-22,wrong size,1552.1
7278,7278,2023-11-16,wrong size,77.14
5710,5710,2024-06-01,changed mind,536.22
12079,12079,2024-12-15,late delivery,523.96
6688,6688,2022-07-17,changed mind,586.79
6419,6419,2023-05-05,changed mind,217.46
10432,10432,2022-10-25,wrong size,150.04
9983,9983,2024-07-06,changed mind,190.93
19074,19074,2024-04-29,changed mind,242.22
4630,4630,2024-03-27,wrong size,147.21
8863,8863,2024-01-25,changed mind,575.46
4668,4668,2023-10-28,defective,847.08
14164,14164,2024-03-22,late delivery,303.71
386,386,2023-06-18,changed mind,148.12
4187,4187,2023-10-04,defective,527.24
5346,5346,2023-10-08,defective,119.52
2196,2196,2023-05-26,defective,389.69
14991,14991,2024-06-22,changed mind,245.27
12635,12635,2022-12-22,wrong size,391.96
1078,1078,2024-09-12,changed mind,213.13
6287,6287,2023-08-06,changed mind,59.28
5934,5934,2024-03-14,changed mind,1113.15
18513,18513,2023-01-07,late delivery,515.32
19718,19718,2022-03-13,wrong size,151.23
13364,13364,2022-10-10,changed mind,1286.41
8073,8073,2023-05-22,late delivery,110.02
17021,17021,2024-10-27,wrong size,141.2
9544,9544,2024-11-29,late delivery,977.8
19095,19095,2024-08-01,late delivery,169.0
13356,13356,2023-03-20,late delivery,892.89
18632,18632,2024-08-20,changed mind,380.28
2849,2849,2022-08-26,late delivery,831.02
12792,12792,2024-10-18,late delivery,163.44
7723,7723,2024-04-02,changed mind,441.52
813,813,2023-02-25,wrong size,677.71
11194,11194,2023-09-23,changed mind,178.36
5136,5136,2023-01-31,late delivery,668.72
8511,8511,2024-02-19,defective,79.0
7435,7435,2024-01-11,late delivery,188.02
16477,16477,2022-03-28,wrong size,481.35
937,937,2023-12-27,late delivery,156.29
11966,11966,2022-11-12,late delivery,363.85
1693,1693,2024-12-11,defective,183.87
6217,6217,2023-08-04,changed mind,215.46
9460,9460,2024-09-03,late delivery,233.71
12528,12528,2024-03-21,late delivery,100.11
15485,15485,2024-10-29,late delivery,589.6
5793,5793,2024-08-12,late delivery,1221.24
12267,12267,2022-06-04,defective,143.8
2222,2222,2023-03-10,wrong size,453.8
15758,15758,2023-02-10,changed mind,609.76
4694,4694,2023-07-13,wrong size,1224.31
10109,10109,2022-10-15,changed mind,282.78
5108,5108,2023-10-21,defective,796.4
13481,13481,2024-05-04,changed mind,847.79
4746,4746,2022-08-04,late delivery,119.83
1605,1605,2022-02-03,wrong size,1234.47
17396,17396,2024-04-04,changed mind,889.88
16864,16864,2022-06-19,wrong size,167.65
8214,8214,2022-03-17,changed mind,50.62
1093,1093,2022-06-11,changed mind,1344.11
13885,13885,2023-08-11,changed mind,875.16
6312,6312,2024-04-24,late delivery,204.65
9013,9013,2023-04-28,changed mind,378.16
352,352,2024-08-06,wrong size,1109.79
14783,14783,2022-04-29,changed mind,623.09
1531,1531,2023-01-23,late delivery,105.98
13592,13592,2022-04-21,late delivery,475.4
15216,15216,2023-08-05,wrong size,44.85
11541,11541,2024-07-03,wrong size,29.96
219,219,2022-09-23,changed mind,148.28
6814,6814,2024-01-22,late delivery,560.84
5358,5358,2024-05-24,wrong size,310.68
15730,15730,2023-04-05,late delivery,168.55
13044,13044,2022-08-26,late delivery,377.5
1454,1454,2023-08-25,late delivery,410.03
14933,14933,2022-10-21,defective,119.09
4741,4741,2024-07-11,wrong size,38.97
2815,2815,2023-08-19,defective,119.95
7887,7887,2023-06-16,changed mind,754.38
4974,4974,2022-03-19,wrong size,126.58
1183,1183,2024-12-02,changed mind,438.19
10036,10036,2023-11-05,defective,94.0
3948,3948,2023-05-14,changed mind,25.57
3190,3190,2024-10-30,defective,578.0
14481,14481,2024-05-03,wrong size,90.34
19827,19827,2024-05-16,wrong size,117.61
9624,9624,2024-07-29,defective,756.16
1007,1007,2023-04-04,wrong size,214.69
2326,2326,2023-03-27,defective,256.73
10646,10646,2022-07-18,changed mind,578.31
19524,19524,2023-06-02,defective,127.74
17726,17726,2023-06-27,wrong size,247.38
5744,5744,2024-03-15,changed mind,193.83
12681,12681,2022-09-04,late delivery,705.71
14584,14584,2024-04-14,late delivery,32.55
19258,19258,2023-04-30,changed mind,332.92
11882,11882,2022-08-11,late delivery,233.71
1028,1028,2022-04-10,changed mind,484.63
4070,4070,2024-11-25,changed mind,357.15
18573,18573,2024-09-30,wrong size,21.74
14653,14653,2022-06-01,wrong size,61.09
6651,6651,2023-07-10,wrong size,75.69
15784,15784,2024-08-13,late delivery,211.62
17649,17649,2023-08-16,wrong size,631.48
4623,4623,2024-02-22,changed mind,189.5
10386,10386,2023-10-27,late delivery,56.66
13671,13671,2023-02-21,changed mind,1253.38
14047,14047,2024-10-20,changed mind,521.4
1963,1963,2023-04-22,wrong size,355.72
19875,19875,2022-07-02,defective,44.52
1600,1600,2023-10-31,late delivery,161.84
9676,9676,2022-06-13,wrong size,450.34
10953,10953,2024-03-07,defective,1243.41
4334,4334,2024-05-09,defective,579.17
12100,12100,2024-03-11,defective,182.19
6956,6956,2024-01-23,defective,77.49
18822,18822,2022-06-09,changed mind,146.39
8546,8546,2022-07-18,defective,430.18
15975,15975,2024-01-22,defective,1040.65
13723,13723,2023-05-22,late delivery,181.72
696,696,2022-11-06,wrong size,310.04
15631,15631,2024-10-08,late delivery,95.42
13590,13590,2023-06-13,late delivery,325.92
14522,14522,2023-06-08,late delivery,885.45
19918,19918,2022-10-23,defective,281.85
9771,9771,2024-03-21,late delivery,318.54
13378,13378,2023-06-02,wrong size,158.28
1035,1035,2022-05-19,late delivery,918.21
10843,10843,2024-06-10,late delivery,493.94
16593,16593,2024-09-29,wrong size,381.81
10422,10422,2022-09-06,wrong size,600.05
10980,10980,2023-05-11,wrong size,110.14
2128,2128,2024-11-17,wrong size,263.32
12188,12188,2024-11-07,defective,24.42
5971,5971,2024-09-04,changed mind,128.7
13226,13226,2023-07-10,changed mind,525.72
994,994,2024-08-07,late delivery,159.84
15085,15085,2024-01-15,defective,161.84
14846,14846,2022-01-20,changed mind,381.19
14946,14946,2022-01-13,wrong size,204.29
448,448,2022-12-04,wrong size,132.74
17278,17278,2023-03-05,defective,836.54
5454,5454,2022-02-12,late delivery,938.75
3212,3212,2023-05-09,defective,380.46
5562,5562,2023-03-25,wrong size,295.8
18912,18912,2023-11-14,changed mind,287.65
3211,3211,2022-06-30,defective,1220.94
13814,13814,2022-06-21,wrong size,394.64
8967,8967,2022-09-10,defective,15.4
17654,17654,2022-01-25,wrong size,1154.3
10650,10650,2024-06-21,changed mind,184.11
19715,19715,2025-01-21,late delivery,287.1
3972,3972,2024-04-02,wrong size,148.62
10808,10808,2022-06-08,late delivery,70.74
19545,19545,2023-05-11,late delivery,1467.44
11367,11367,2024-09-05,late delivery,489.3
3779,3779,2024-07-14,wrong size,11.52
13080,13080,2023-12-03,wrong size,252.19
6353,6353,2023-05-22,defective,790.61
4008,4008,2023-08-07,late delivery,181.63
3777,3777,2022-05-13,defective,48.55
17148,17148,2022-10-12,wrong size,796.88
14105,14105,2024-12-31,late delivery,360.68
19146,19146,2024-03-30,late delivery,650.29
19184,19184,2023-10-20,wrong size,129.06
8427,8427,2023-05-21,changed mind,525.42
4338,4338,2022-02-17,wrong size,103.77
8118,8118,2024-10-12,late delivery,525.3
7764,7764,2022-08-19,changed mind,112.8
14013,14013,2023-02-24,changed mind,549.88
13652,13652,2024-03-08,changed mind,507.44
439,439,2023-12-13,late delivery,61.35
16534,16534,2023-08-10,wrong size,898.0
3270,3270,2024-08-18,wrong size,275.3
3753,3753,2023-09-04,changed mind,742.0
9114,9114,2024-12-16,defective,405.88
9441,9441,2022-08-11,wrong size,39.66
1740,1740,2022-10-12,changed mind,346.63
607,607,2022-06-08,defective,52.8
17086,17086,2024-06-10,changed mind,559.53
12999,12999,2023-06-10,changed mind,432.0
16973,16973,2023-11-01,late delivery,650.35
18367,18367,2023-01-15,late delivery,13.89
15684,15684,2023-05-24,late delivery,43.14
11038,11038,2023-07-11,changed mind,152.96
5747,5747,2022-04-21,changed mind,1431.74
11585,11585,2024-03-24,defective,38.56
6271,6271,2023-05-13,wrong size,960.73
8852,8852,2022-03-18,defective,1268.12
18409,18409,2022-11-14,changed mind,1156.23
6601,6601,2024-07-09,late delivery,118.4
11379,11379,2022-01-18,defective,658.92
17190,17190,2022-11-30,changed mind,444.26
11606,11606,2022-06-15,changed mind,288.93
6910,6910,2022-06-28,late delivery,320.32
739,739,2024-02-17,late delivery,401.66
1995,1995,2023-04-30,wrong size,35.61
120,120,2024-02-17,late delivery,1413.3
14927,14927,2022-08-09,changed mind,741.49
17610,17610,2024-06-03,defective,769.34
17437,17437,2023-10-24,changed mind,201.36
18554,18554,2023-12-31,late delivery,464.64
7294,7294,2024-01-04,late delivery,128.24
3406,3406,2024-06-13,late delivery,58.36
10538,10538,2024-05-31,wrong size,509.08
18467,18467,2022-08-24,wrong size,489.91
8627,8627,2024-01-17,wrong size,202.95
3482,3482,2022-11-05,changed mind,58.67
17819,17819,2022-09-08,changed mind,493.13
128,128,2022-05-05,changed mind,612.48
13427,13427,2022-08-08,late delivery,168.54
10611,10611,2024-07-26,wrong size,751.27
15274,15274,2024-08-22,wrong size,1179.23
19581,19581,2024-01-16,changed mind,926.52
19286,19286,2023-09-29,wrong size,667.58
12823,12823,2024-08-09,changed mind,673.47
3074,3074,2023-02-10,wrong size,64.71
2381,2381,2024-06-18,changed mind,122.9
2484,2484,2023-03-17,late delivery,211.62
3462,3462,2023-03-26,wrong size,249.39
15232,15232,2024-02-09,defective,184.82
7459,7459,2022-08-10,defective,225.65
15885,15885,2023-06-01,wrong size,888.27
6886,6886,2022-06-09,wrong size,331.68
15098,15098,2023-03-29,defective,37.33
18685,18685,2022-07-03,changed mind,297.81
14971,14971,2022-02-12,late delivery,56.43
804,804,2023-07-07,defective,83.32
475,475,2022-04-30,defective,296.6
8609,8609,2022-03-20,changed mind,488.5
6483,6483,2023-01-22,changed mind,401.68
18288,18288,2024-09-28,late delivery,217.47
5558,5558,2023-03-24,defective,444.0
13949,13949,2022-04-17,defective,22.25
8892,8892,2023-10-14,defective,785.75
12522,12522,2022-02-01,late delivery,511.45
4449,4449,2024-04-01,defective,437.61
485,485,2024-03-30,wrong size,197.18
10423,10423,2024-01-30,late delivery,708.26
19412,19412,2024-09-13,defective,1020.25
14901,14901,2022-02-13,changed mind,197.22
11227,11227,2024-12-06,wrong size,443.12
19133,19133,2024-02-26,changed mind,84.96
7921,7921,2024-11-18,changed mind,43.63
7912,7912,2022-07-04,defective,1158.3
2767,2767,2022-09-11,defective,226.59
14866,14866,2023-11-05,wrong size,411.36
16507,16507,2023-03-31,wrong size,28.5
11689,11689,2022-03-02,changed mind,648.11
4038,4038,2024-08-17,wrong size,262.99
857,857,2022-02-12,changed mind,83.31
16137,16137,2023-05-25,changed mind,22.97
8831,8831,2022-05-06,late delivery,257.55
8804,8804,2023-12-03,wrong size,142.26
11839,11839,2023-12-28,defective,379.3
3827,3827,2024-12-10,defective,178.97
18128,18128,2022-01-20,changed mind,459.97
5996,5996,2024-12-01,late delivery,910.35
504,504,2022-11-13,late delivery,551.34
2960,2960,2023-01-30,changed mind,90.79
7989,7989,2022-11-06,late delivery,72.91
9641,9641,2024-05-20,late delivery,258.99
8110,8110,2024-08-09,late delivery,122.86
5383,5383,2022-10-24,wrong size,669.56
13952,13952,2022-02-23,late delivery,1088.73
13139,13139,2024-06-21,late delivery,52.86
17988,17988,2023-08-31,changed mind,126.24
13436,13436,2023-05-07,late delivery,1183.0
7726,7726,2022-04-12,changed mind,768.09
12034,12034,2022-04-14,changed mind,1021.92
8130,8130,2022-07-15,defective,852.57
12788,12788,2023-04-04,late delivery,84.25
8293,8293,2023-07-09,late delivery,1105.56
18322,18322,2023-08-21,wrong size,1388.81
13061,13061,2023-07-06,late delivery,75.57
3296,3296,2024-12-26,wrong size,354.1
8958,8958,2023-05-21,changed mind,265.57
116,116,2022-06-18,late delivery,475.14
5648,5648,2022-09-29,wrong size,73.1
12625,12625,2024-04-26,changed mind,407.64
14748,14748,2022-05-02,defective,272.23
7182,7182,2023-03-14,defective,137.87
1711,1711,2023-04-22,wrong size,422.19
15958,15958,2022-07-22,late delivery,643.04
5818,5818,2023-09-26,defective,1029.22
15279,15279,2024-04-04,late delivery,917.04
2481,2481,2024-06-17,late delivery,1471.75
10251,10251,2022-06-12,defective,725.48
4033,4033,2022-01-06,defective,247.94
13348,13348,2023-08-21,late delivery,698.52
16531,16531,2022-02-01,defective,76.02
9515,9515,2024-06-13,wrong size,121.24
4611,4611,2023-05-07,defective,209.37
5118,5118,2024-11-20,changed mind,100.56
16947,16947,2022-05-06,wrong size,1105.38
6386,6386,2022-07-10,late delivery,231.78
15140,15140,2022-10-20,changed mind,25.44
6272,6272,2022-09-04,defective,328.53
342,342,2022-06-09,changed mind,735.32
829,829,2023-12-11,changed mind,208.0
12530,12530,2024-08-21,changed mind,43.2
11552,11552,2023-01-26,late delivery,230.56
9528,9528,2024-12-11,defective,102.99
11837,11837,2023-02-08,wrong size,631.94
314,314,2024-08-24,defective,334.97
11698,11698,2022-03-25,wrong size,771.68
10052,10052,2024-07-30,defective,841.88
12864,12864,2023-11-01,defective,560.63
16071,16071,2022-11-11,defective,417.77
17137,17137,2024-11-07,defective,1185.46
18262,18262,2022-08-31,changed mind,135.32
4910,4910,2023-05-29,changed mind,78.28
17797,17797,2023-10-22,defective,921.5
8874,8874,2022-11-16,late delivery,978.12
18286,18286,2023-03-20,wrong size,142.15
410,410,2024-07-03,wrong size,379.75
3796,3796,2024-07-27,wrong size,319.77
2704,2704,2023-09-19,late delivery,126.53
10343,10343,2022-07-05,late delivery,133.98
4982,4982,2024-08-28,changed mind,268.68
8583,8583,2022-03-25,defective,27.32
7668,7668,2024-12-13,changed mind,1496.21
17518,17518,2023-01-09,defective,293.69
17184,17184,2023-01-16,changed mind,62.31
9726,9726,2024-09-05,defective,235.2
18154,18154,2022-02-27,defective,362.48
7500,7500,2022-07-05,wrong size,451.4
17037,17037,2022-06-25,late delivery,375.05
7721,7721,2023-08-06,wrong size,220.41
1906,1906,2022-08-03,late delivery,346.37
6718,6718,2022-09-07,wrong size,1476.72
2175,2175,2023-10-28,late delivery,153.9
6770,6770,2023-05-12,changed mind,1179.47
7162,7162,2022-07-21,wrong size,142.2
6505,6505,2022-02-15,late delivery,160.2
18766,18766,2022-04-10,defective,308.76
4421,4421,2024-05-02,wrong size,1439.64
1273,1273,2023-07-09,wrong size,791.93
452,452,2024-09-15,changed mind,635.0
3520,3520,2023-10-15,defective,236.56
17478,17478,2022-11-27,wrong size,477.17
9568,9568,2022-04-27,changed mind,73.97
248,248,2023-02-22,defective,195.45
17816,17816,2022-11-19,changed mind,397.63
1748,1748,2022-03-12,changed mind,318.08
2086,2086,2024-03-29,changed mind,66.16
12493,12493,2022-01-14,wrong size,450.42
13352,13352,2023-08-30,late delivery,581.23
4975,4975,2023-06-17,defective,511.08
3499,3499,2023-09-20,late delivery,88.84
13443,13443,2022-06-20,defective,363.53
1085,1085,2022-07-29,defective,285.72
4936,4936,2023-02-27,defective,374.64
6238,6238,2023-07-30,wrong size,664.92
6735,6735,2022-03-04,wrong size,651.09
12984,12984,2024-12-05,wrong size,83.69
14250,14250,2023-02-26,changed mind,219.6
11983,11983,2022-05-12,late delivery,47.66
5923,5923,2022-09-18,wrong size,32.49
17269,17269,2024-09-09,changed mind,196.93
8949,8949,2023-09-30,wrong size,185.62
19451,19451,2023-06-02,wrong size,33.46
4150,4150,2024-07-31,changed mind,167.48
5100,5100,2024-09-27,late delivery,35.51
9513,9513,2023-01-20,changed mind,1066.19
13260,13260,2022-09-14,late delivery,173.03
17361,17361,2024-04-02,defective,186.53
17038,17038,2024-09-06,late delivery,201.1
3336,3336,2024-08-08,defective,65.68
17586,17586,2023-10-03,changed mind,207.24
19820,19820,2023-10-14,defective,255.67
13729,13729,2022-07-10,changed mind,1161.61
9894,9894,2023-09-14,changed mind,33.82
7651,7651,2024-05-22,late delivery,472.32
2239,2239,2023-10-14,late delivery,119.04
14205,14205,2025-01-09,defective,98.29
252,252,2023-06-21,late delivery,42.78
8197,8197,2022-11-02,late delivery,349.29
4707,4707,2022-07-08,late delivery,748.76
8144,8144,2023-12-29,defective,107.43
2715,2715,2024-01-29,wrong size,501.34
18080,18080,2023-10-26,late delivery,418.55
9530,9530,2023-06-06,late delivery,190.48
10342,10342,2024-06-29,wrong size,209.52
15291,15291,2022-12-26,defective,373.26
327,327,2024-07-05,late delivery,464.78
4981,4981,2024-02-25,late delivery,1237.77
7439,7439,2022-04-08,defective,877.68
6648,6648,2022-08-09,changed mind,194.8
6259,6259,2024-02-23,late delivery,70.88
9048,9048,2023-11-08,defective,289.89
3394,3394,2022-06-18,wrong size,127.77
17665,17665,2022-02-17,defective,338.12
19415,19415,2022-02-16,defective,140.36
16118,16118,2022-08-24,late delivery,602.35
1338,1338,2024-05-31,changed mind,78.66
3169,3169,2023-10-17,defective,89.76
12861,12861,2023-11-28,defective,164.43
19815,19815,2023-10-02,wrong size,995.76
2394,2394,2022-10-10,wrong size,238.48
19916,19916,2022-01-20,late delivery,42.1
15180,15180,2024-10-19,defective,398.65
5924,5924,2023-10-31,changed mind,370.87
16298,16298,2024-06-24,late delivery,583.5
2744,2744,2023-09-26,wrong size,872.72
5006,5006,2022-07-29,late delivery,236.99
18717,18717,2022-07-01,defective,127.18
19614,19614,2022-07-24,defective,1450.31
11644,11644,2023-07-05,defective,1116.36
4120,4120,2022-10-04,defective,1633.45
2091,2091,2023-02-07,late delivery,892.2
7444,7444,2023-05-14,changed mind,255.43
8732,8732,2023-03-09,late delivery,859.5
14405,14405,2023-08-23,wrong size,124.49
5703,5703,2022-11-25,wrong size,841.55
3801,3801,2023-04-02,wrong size,136.67
11420,11420,2023-10-16,defective,70.13
2009,2009,2024-12-08,changed mind,287.8
1494,1494,2023-05-28,late delivery,442.14
9283,9283,2023-07-16,changed mind,351.72
7790,7790,2023-02-14,wrong size,48.84
3849,3849,2024-05-18,wrong size,125.28
15651,15651,2022-08-15,wrong size,402.12
19144,19144,2022-08-09,wrong size,1273.8
18552,18552,2022-06-08,late delivery,438.84
19250,19250,2023-03-22,defective,44.18
4195,4195,2023-10-21,wrong size,138.24
1513,1513,2023-06-06,late delivery,435.52
2749,2749,2024-05-05,defective,265.47
18212,18212,2024-07-04,wrong size,108.65
3734,3734,2023-08-11,defective,43.0
7655,7655,2022-04-02,changed mind,732.66
2347,2347,2023-10-25,defective,589.59
2520,2520,2023-11-01,changed mind,719.65
719,719,2024-07-31,late delivery,262.58
140,140,2024-11-16,changed mind,122.84
17948,17948,2023-10-18,late delivery,322.0
17763,17763,2023-03-26,wrong size,686.12
2445,2445,2022-07-28,wrong size,1218.19
5199,5199,2022-01-07,defective,268.74
1403,1403,2024-04-20,changed mind,84.78
16322,16322,2022-08-14,wrong size,204.1
1731,1731,2022-10-12,defective,809.2
9261,9261,2024-01-04,late delivery,399.14
3722,3722,2022-08-19,late delivery,222.98
17841,17841,2024-03-22,late delivery,100.17
19737,19737,2024-09-12,wrong size,96.52
8122,8122,2023-02-18,changed mind,78.14
9532,9532,2022-07-28,changed mind,516.15
17731,17731,2023-11-10,wrong size,249.34
18907,18907,2022-06-03,late delivery,55.76
14284,14284,2022-11-20,defective,56.46
4075,4075,2023-07-31,wrong size,534.17
9050,9050,2023-10-10,wrong size,328.13
6439,6439,2022-10-05,defective,18.22
2268,2268,2022-10-17,changed mind,61.56
2831,2831,2023-09-08,defective,371.87
10496,10496,2024-05-01,defective,334.21
14178,14178,2022-08-24,wrong size,226.27
12292,12292,2022-05-30,defective,518.56
8367,8367,2022-06-22,changed mind,47.98
16895,16895,2024-09-25,defective,381.75
8467,8467,2022-06-10,changed mind,334.56
2933,2933,2024-01-18,late delivery,236.88
13785,13785,2024-11-03,late delivery,920.92
16076,16076,2022-07-02,wrong size,81.29
12951,12951,2022-07-21,defective,597.72
2947,2947,2024-10-13,wrong size,243.7
17515,17515,2022-01-26,late delivery,329.68
11293,11293,2023-04-11,changed mind,93.45
19607,19607,2022-05-31,wrong size,345.75
9391,9391,2023-10-24,changed mind,1161.89
9294,9294,2023-06-24,wrong size,261.71
17748,17748,2022-05-03,wrong size,369.55
6163,6163,2022-03-15,defective,783.15
9759,9759,2023-08-24,late delivery,443.16
8545,8545,2023-11-10,changed mind,837.03
2580,2580,2024-11-09,wrong size,112.51
4388,4388,2024-05-16,defective,327.56
11226,11226,2023-08-28,wrong size,104.89
18150,18150,2024-10-13,late delivery,128.71
4833,4833,2025-01-18,wrong size,1250.22
9392,9392,2024-04-29,defective,459.97
6706,6706,2024-05-28,defective,1368.5
16193,16193,2023-05-11,defective,186.72
2627,2627,2023-09-17,defective,1057.56
9099,9099,2024-06-27,late delivery,557.22
10873,10873,2022-06-01,late delivery,466.04
6889,6889,2022-05-12,late delivery,165.48
19365,19365,2024-11-26,defective,125.52
5688,5688,2023-10-31,changed mind,443.56
4950,4950,2023-12-15,defective,1631.02
14307,14307,2023-10-11,late delivery,887.9
11331,11331,2023-09-06,late delivery,297.86
19491,19491,2024-11-05,wrong size,40.67
1806,1806,2023-01-15,changed mind,648.43
13812,13812,2023-09-08,defective,354.44
11998,11998,2024-02-14,wrong size,40.88
16481,16481,2024-03-06,wrong size,1136.45
8509,8509,2024-09-24,late delivery,851.4
19716,19716,2022-03-09,wrong size,69.79
8576,8576,2022-10-15,late delivery,642.56
4878,4878,2024-11-23,defective,647.33
10880,10880,2022-01-19,wrong size,189.8
1148,1148,2024-10-09,wrong size,198.36
6077,6077,2024-10-08,changed mind,287.54
6310,6310,2023-03-08,wrong size,879.38
6211,6211,2023-10-22,defective,149.67
16880,16880,2024-02-07,defective,251.33
5715,5715,2022-08-13,wrong size,1176.27
15993,15993,2024-01-16,changed mind,874.66
15144,15144,2022-01-06,late delivery,731.44
13303,13303,2023-08-20,defective,181.37
425,425,2022-10-01,late delivery,173.63
7361,7361,2023-03-23,changed mind,113.3
19417,19417,2023-11-11,changed mind,214.28
7242,7242,2024-03-08,defective,462.76
15704,15704,2023-10-26,wrong size,117.5
9996,9996,2024-02-11,wrong size,135.59
15487,15487,2022-11-07,defective,1114.2
2178,2178,2022-04-20,defective,399.45
7052,7052,2023-04-17,defective,1507.19
6406,6406,2022-09-30,wrong size,220.7
5352,5352,2022-11-11,late delivery,128.91
12907,12907,2025-01-11,late delivery,81.93
1607,1607,2022-08-25,defective,975.64
3063,3063,2023-09-29,defective,412.3
17403,17403,2022-04-04,defective,890.42
3489,3489,2023-02-23,changed mind,147.31
4202,4202,2022-04-02,defective,410.18
18506,18506,2023-05-07,wrong size,184.61
17688,17688,2023-05-21,defective,152.53
16599,16599,2022-03-17,changed mind,387.22
2806,2806,2023-06-26,late delivery,50.16
12350,12350,2022-06-17,changed mind,46.63
18690,18690,2024-12-03,late delivery,84.68
6249,6249,2024-07-20,late delivery,71.33
9705,9705,2023-02-04,changed mind,108.81
6915,6915,2022-02-04,changed mind,93.98
14038,14038,2023-04-25,changed mind,859.94
4032,4032,2023-08-21,defective,714.21
4450,4450,2024-04-27,late delivery,115.04
11263,11263,2022-08-23,late delivery,276.88
18577,18577,2022-07-22,changed mind,530.24
3529,3529,2024-09-02,defective,625.92
18788,18788,2022-04-04,late delivery,555.65
15570,15570,2023-01-14,changed mind,1079.64
17683,17683,2023-07-08,late delivery,1525.23
2320,2320,2024-11-11,changed mind,231.04
12784,12784,2023-01-21,late delivery,649.42
8100,8100,2023-04-16,late delivery,224.42
3510,3510,2022-06-09,late delivery,389.11
11341,11341,2023-03-14,wrong size,98.82
8166,8166,2023-09-05,wrong size,355.69
5395,5395,2023-07-11,late delivery,751.66
8026,8026,2022-08-31,late delivery,1208.31
4394,4394,2023-04-02,changed mind,285.98
4591,4591,2022-04-23,changed mind,1148.44
16145,16145,2024-07-27,wrong size,126.16
1053,1053,2023-11-10,late delivery,192.52
10331,10331,2023-07-10,changed mind,44.37
16862,16862,2024-12-05,changed mind,297.02
2579,2579,2022-09-15,wrong size,570.5
10505,10505,2022-03-15,changed mind,59.26
19883,19883,2022-10-10,late delivery,230.04
8353,8353,2023-01-18,defective,38.69
17459,17459,2023-07-07,changed mind,1010.19
19376,19376,2024-03-07,changed mind,94.38
4725,4725,2024-11-21,defective,1075.8
18919,18919,2022-05-27,wrong size,726.79
2233,2233,2022-10-24,late delivery,121.42
2778,2778,2022-08-12,late delivery,917.15
15132,15132,2023-11-20,late delivery,342.27
1291,1291,2023-12-02,defective,468.79
14762,14762,2023-11-15,late delivery,314.15
2208,2208,2023-02-10,wrong size,1016.46
3450,3450,2022-12-26,changed mind,456.08
15250,15250,2024-08-14,changed mind,494.4
9510,9510,2022-07-21,changed mind,184.87
3036,3036,2022-11-18,changed mind,37.63
16263,16263,2023-12-30,wrong size,1267.91
16818,16818,2024-08-02,wrong size,181.85
15338,15338,2023-01-16,wrong size,697.72
10183,10183,2024-04-12,defective,95.96
2999,2999,2022-12-14,wrong size,327.55
6760,6760,2023-05-14,changed mind,111.18
2266,2266,2024-07-30,late delivery,53.01
7338,7338,2023-09-19,defective,888.95
10677,10677,2023-09-14,late delivery,558.6
4506,4506,2023-11-09,late delivery,371.44
18427,18427,2024-12-30,changed mind,882.06
19202,19202,2024-06-28,defective,188.63
6693,6693,2022-03-04,late delivery,220.05
14802,14802,2024-10-28,late delivery,38.92
14031,14031,2024-05-02,defective,148.85
3107,3107,2023-08-18,late delivery,223.35
222,222,2023-12-16,wrong size,36.27
18357,18357,2024-01-17,changed mind,67.52
11826,11826,2023-10-03,defective,435.86
3051,3051,2024-10-28,defective,204.75
4286,4286,2023-07-11,changed mind,665.83
17542,17542,2024-11-28,late delivery,1027.9
12247,12247,2023-01-05,changed mind,168.79
211,211,2022-03-23,changed mind,105.84
18239,18239,2022-03-02,changed mind,1660.95
1912,1912,2022-05-27,wrong size,734.13
500,500,2022-03-03,defective,806.22
5000,5000,2024-04-29,changed mind,126.85
17918,17918,2025-01-08,wrong size,348.95
17267,17267,2023-08-20,changed mind,387.88
8749,8749,2022-09-19,wrong size,443.79
13684,13684,2024-04-01,changed mind,833.94
181,181,2022-08-26,defective,73.44
18927,18927,2024-07-15,defective,867.2
13685,13685,2024-08-10,changed mind,585.18
12001,12001,2024-06-03,late delivery,335.27
18843,18843,2024-07-06,wrong size,312.58
11795,11795,2024-01-15,defective,355.54
7268,7268,2022-11-14,wrong size,819.72
2421,2421,2023-03-07,changed mind,71.23
15826,15826,2023-12-19,changed mind,44.61
18203,18203,2023-05-24,wrong size,613.24
15635,15635,2024-09-05,late delivery,251.43
14889,14889,2022-10-13,defective,188.07
467,467,2022-04-22,defective,255.89
15058,15058,2023-07-15,wrong size,910.85
60,60,2023-08-03,late delivery,47.52
4203,4203,2023-06-15,late delivery,123.62
18077,18077,2022-01-19,changed mind,337.35
7485,7485,2022-06-12,defective,257.72
1581,1581,2023-11-20,defective,555.85
7285,7285,2022-09-27,wrong size,142.82
19828,19828,2022-08-07,defective,436.56
16234,16234,2023-07-22,changed mind,331.66
9394,9394,2023-04-24,late delivery,358.22
2699,2699,2024-05-29,defective,95.27
4565,4565,2024-09-10,late delivery,108.78
11404,11404,2022-04-15,wrong size,806.18
4200,4200,2022-07-08,defective,411.39
19839,19839,2023-05-02,changed mind,601.56
14903,14903,2022-11-02,wrong size,1189.12
7158,7158,2023-08-01,defective,528.43
2974,2974,2022-02-21,defective,45.72
7842,7842,2023-06-08,changed mind,366.36
14767,14767,2024-08-15,changed mind,337.07
13635,13635,2022-10-21,wrong size,188.85
7696,7696,2024-03-11,wrong size,88.96
5935,5935,2023-05-02,defective,688.48
13876,13876,2025-01-09,defective,525.08
17226,17226,2024-03-12,defective,197.33
5216,5216,2024-02-03,changed mind,253.46
11433,11433,2023-06-11,defective,988.0
11166,11166,2022-06-28,changed mind,1121.62
11366,11366,2024-07-24,defective,55.83
6627,6627,2022-04-08,defective,261.04
3596,3596,2024-12-13,defective,657.87
13086,13086,2022-06-29,defective,234.65
5273,5273,2024-11-12,late delivery,983.59
5628,5628,2022-01-30,wrong size,1624.37
12011,12011,2024-04-07,defective,162.72
14842,14842,2022-09-01,wrong size,486.2
10073,10073,2024-08-22,defective,210.53
14752,14752,2022-08-30,defective,49.68
7325,7325,2022-12-05,wrong size,72.87
8633,8633,2022-10-18,wrong size,61.54
14109,14109,2024-02-16,late delivery,55.53
1298,1298,2023-11-06,wrong size,148.65
10367,10367,2024-07-04,wrong size,69.9
13249,13249,2022-10-19,late delivery,64.6
201,201,2024-09-22,wrong size,845.22
1457,1457,2022-08-18,wrong size,25.75
10560,10560,2024-03-02,defective,387.61
9801,9801,2023-12-30,changed mind,72.4
8454,8454,2022-10-12,defective,178.63
9652,9652,2022-01-31,changed mind,692.24
8893,8893,2024-05-10,wrong size,43.11
18545,18545,2023-07-12,wrong size,42.16
10264,10264,2024-07-11,wrong size,243.66
1203,1203,2022-02-15,late delivery,282.16
15968,15968,2024-06-14,wrong size,495.41
3644,3644,2023-09-01,defective,621.18
10991,10991,2024-08-13,wrong size,126.63
10724,10724,2022-03-19,wrong size,763.78
10357,10357,2023-03-20,changed mind,794.95
3129,3129,2024-07-05,changed mind,73.24
4352,4352,2024-01-15,late delivery,108.16
19403,19403,2024-08-02,defective,364.38
15879,15879,2024-01-19,defective,111.38
3012,3012,2022-07-21,late delivery,720.62
5091,5091,2024-08-19,wrong size,337.38
17108,17108,2024-08-14,defective,602.6
2622,2622,2023-03-18,late delivery,421.5
1535,1535,2024-09-25,wrong size,124.92
18179,18179,2024-06-25,wrong size,270.83
3837,3837,2022-09-19,late delivery,109.28
17767,17767,2024-05-28,defective,557.45
11521,11521,2023-09-28,changed mind,542.96
16081,16081,2023-02-09,wrong size,177.61
15860,15860,2023-07-18,late delivery,317.99
8551,8551,2022-12-26,late delivery,579.5
15663,15663,2023-05-04,wrong size,572.37
5130,5130,2024-11-29,late delivery,464.6
14009,14009,2023-04-20,wrong size,974.44
3353,3353,2024-02-10,late delivery,688.58
13455,13455,2023-06-01,late delivery,150.38
13759,13759,2023-06-01,late delivery,941.49
4904,4904,2023-06-02,defective,152.53
2931,2931,2022-02-24,changed mind,321.35
1088,1088,2023-09-03,late delivery,56.07
15245,15245,2023-04-05,late delivery,135.95
12089,12089,2024-12-19,wrong size,291.92
4885,4885,2024-06-18,changed mind,125.5
14634,14634,2023-03-31,changed mind,85.74
7948,7948,2023-04-01,late delivery,1416.25
16824,16824,2024-03-23,defective,329.04
15820,15820,2023-11-12,wrong size,167.32
5392,5392,2022-12-16,defective,793.77
7246,7246,2023-10-28,late delivery,433.08
15683,15683,2022-03-17,defective,182.16
6280,6280,2025-01-11,late delivery,879.05
5195,5195,2024-02-14,changed mind,296.04
14223,14223,2024-04-07,defective,183.33
17122,17122,2024-01-21,changed mind,604.69
19673,19673,2024-02-19,changed mind,83.17
17186,17186,2023-11-01,wrong size,26.2
1730,1730,2022-07-08,wrong size,277.86
19915,19915,2024-08-01,late delivery,494.02
19842,19842,2022-12-31,wrong size,187.9
13337,13337,2023-01-30,wrong size,495.88
3311,3311,2024-08-25,defective,602.74
12572,12572,2024-12-20,defective,925.96
3416,3416,2023-12-03,wrong size,1450.93
5862,5862,2023-06-05,late delivery,28.31
15238,15238,2024-04-10,defective,554.84
6260,6260,2022-04-06,wrong size,246.13
9620,9620,2024-02-13,changed mind,335.76
5864,5864,2024-11-22,wrong size,528.9
9807,9807,2024-10-12,defective,670.78
5850,5850,2022-02-02,late delivery,311.85
2755,2755,2024-07-18,wrong size,386.03
13644,13644,2023-09-15,late delivery,178.4
10193,10193,2023-04-22,changed mind,1172.43
8036,8036,2022-05-15,defective,93.09
16837,16837,2024-12-02,wrong size,473.84
15028,15028,2022-03-23,late delivery,85.5
10762,10762,2024-06-03,late delivery,88.36
7376,7376,2023-02-02,changed mind,212.9
10710,10710,2022-02-24,changed mind,670.72
5999,5999,2022-03-23,changed mind,776.22
12265,12265,2022-03-27,changed mind,584.6
19734,19734,2024-10-16,wrong size,80.57
19733,19733,2023-11-19,defective,348.08
1283,1283,2022-06-26,wrong size,183.19
5291,5291,2024-06-13,defective,393.68
10785,10785,2023-10-03,late delivery,285.12
11068,11068,2024-04-06,wrong size,180.14
19689,19689,2023-03-14,late delivery,68.65
4022,4022,2022-12-24,late delivery,476.33
16142,16142,2024-10-12,late delivery,95.66
6827,6827,2024-10-11,defective,137.05
18362,18362,2023-04-19,changed mind,382.14
12085,12085,2023-03-15,defective,422.31
11052,11052,2022-07-06,late delivery,488.72
8332,8332,2023-05-29,defective,1039.31
10079,10079,2023-08-22,late delivery,317.69
8994,8994,2022-12-27,late delivery,796.72
9819,9819,2023-04-17,changed mind,316.45
16875,16875,2022-08-06,defective,330.24
10647,10647,2023-02-16,late delivery,976.75
13994,13994,2024-09-24,changed mind,261.82
19990,19990,2023-03-01,defective,403.92
9711,9711,2023-10-03,late delivery,1169.75
6897,6897,2022-08-20,defective,287.17
15371,15371,2023-12-01,wrong size,289.9
11680,11680,2022-03-04,wrong size,53.8
8963,8963,2024-10-31,wrong size,284.64
5475,5475,2022-03-26,wrong size,215.73
6403,6403,2023-05-16,wrong size,192.9
3726,3726,2023-08-04,wrong size,423.72
3740,3740,2024-06-17,changed mind,142.78
10222,10222,2024-12-01,defective,24.55
13085,13085,2024-09-27,wrong size,1118.74
8733,8733,2022-11-25,late delivery,57.79
12492,12492,2023-08-31,late delivery,81.32
6776,6776,2024-01-05,late delivery,138.92
19981,19981,2023-11-15,changed mind,362.41
4292,4292,2023-01-10,wrong size,533.49
3580,3580,2023-08-06,changed mind,754.93
12569,12569,2024-02-09,changed mind,92.55
929,929,2024-04-04,wrong size,772.56
6530,6530,2024-04-22,defective,546.53
3845,3845,2022-02-08,defective,128.47
18144,18144,2022-09-07,defective,1475.7
10868,10868,2024-04-22,late delivery,198.78
17780,17780,2023-04-09,wrong size,562.5
17401,17401,2022-10-24,defective,47.81
6149,6149,2024-01-02,late delivery,56.61
8320,8320,2023-02-22,changed mind,894.92
1816,1816,2022-06-15,late delivery,42.1
6073,6073,2022-06-22,defective,55.04
9301,9301,2022-11-21,late delivery,234.02
11848,11848,2023-05-28,wrong size,23.41
19588,19588,2024-11-28,late delivery,180.94
9458,9458,2022-12-17,changed mind,175.54
5834,5834,2024-01-11,changed mind,212.45
19265,19265,2023-09-21,wrong size,911.77
15022,15022,2024-04-18,wrong size,82.35
14378,14378,2023-12-21,defective,824.31
8883,8883,2022-12-05,changed mind,897.48
14305,14305,2022-02-20,changed mind,94.57
10490,10490,2022-07-31,wrong size,165.67
11886,11886,2024-12-15,late delivery,556.36
14219,14219,2024-09-20,wrong size,20.12
5904,5904,2024-07-29,wrong size,79.55
7665,7665,2022-10-25,defective,946.56
14010,14010,2024-10-04,late delivery,401.08
2130,2130,2024-11-28,wrong size,80.83
19863,19863,2023-07-26,changed mind,93.1
7780,7780,2024-01-01,changed mind,191.76
2741,2741,2022-09-18,late delivery,134.05
17471,17471,2023-08-09,defective,765.89
8814,8814,2023-02-17,late delivery,341.82
15173,15173,2024-09-29,changed mind,117.1
10780,10780,2024-08-09,late delivery,824.03
1351,1351,2024-09-13,changed mind,1109.3
9059,9059,2023-04-15,changed mind,373.8
13496,13496,2023-10-12,defective,430.49
9923,9923,2022-05-18,late delivery,1363.77
1523,1523,2023-09-23,changed mind,325.55
6761,6761,2022-02-01,defective,65.51
18863,18863,2022-11-01,late delivery,984.06
2798,2798,2024-04-05,changed mind,150.05
7041,7041,2022-12-15,late delivery,191.76
2993,2993,2024-01-22,defective,64.11
13752,13752,2024-11-10,defective,84.08
15060,15060,2022-02-21,defective,34.0
15067,15067,2022-03-14,changed mind,488.76
9756,9756,2024-04-18,late delivery,916.84
9153,9153,2023-05-14,changed mind,1132.14
7458,7458,2022-03-07,defective,130.75
7684,7684,2023-03-15,late delivery,521.9
17822,17822,2023-02-07,changed mind,367.65
10262,10262,2022-09-16,defective,313.42
12965,12965,2023-05-18,changed mind,650.05
89,89,2024-03-18,changed mind,46.6
10400,10400,2023-02-09,changed mind,1740.85
8973,8973,2022-06-29,defective,118.32
16703,16703,2024-04-26,late delivery,253.25
13251,13251,2024-04-30,defective,279.57
11163,11163,2022-02-04,changed mind,96.53
18191,18191,2022-02-22,changed mind,930.12
8514,8514,2024-08-27,wrong size,180.25
1444,1444,2022-09-12,late delivery,38.56
9011,9011,2022-02-03,defective,1118.88
17558,17558,2022-06-16,late delivery,39.12
13250,13250,2023-08-10,changed mind,774.04
17832,17832,2022-09-05,late delivery,148.97
11082,11082,2024-10-18,late delivery,824.79
17949,17949,2024-06-04,changed mind,661.26
2302,2302,2022-06-04,late delivery,1325.48
16293,16293,2024-04-19,late delivery,573.8
18255,18255,2022-10-28,wrong size,429.62
2362,2362,2024-04-14,defective,66.95
5072,5072,2024-05-17,wrong size,808.43
19639,19639,2024-09-25,changed mind,1095.07
12403,12403,2024-08-29,changed mind,974.56
13827,13827,2022-09-09,wrong size,51.23
9265,9265,2024-07-31,wrong size,1280.84
10676,10676,2024-10-13,changed mind,72.58
9060,9060,2022-07-17,late delivery,315.72
15528,15528,2024-10-10,changed mind,273.37
14252,14252,2023-07-18,defective,236.14
15832,15832,2022-08-25,late delivery,142.75
19558,19558,2022-06-12,late delivery,27.94
12843,12843,2023-02-13,changed mind,765.48
8021,8021,2024-08-13,changed mind,802.69
8304,8304,2023-07-21,wrong size,1375.55
6187,6187,2024-03-03,wrong size,574.47
19337,19337,2023-01-08,defective,391.37
15410,15410,2022-01-31,defective,234.5
5024,5024,2022-05-27,wrong size,128.04
9791,9791,2024-06-21,defective,1235.79
7840,7840,2022-10-03,late delivery,152.82
4392,4392,2022-11-29,changed mind,116.97
11234,11234,2022-10-10,changed mind,333.72
14540,14540,2023-03-28,defective,54.24
4640,4640,2022-06-03,defective,337.54
11483,11483,2022-02-25,wrong size,546.4
12954,12954,2024-12-23,defective,682.82
19975,19975,2024-07-28,wrong size,674.25
3275,3275,2022-04-17,changed mind,300.67
14735,14735,2024-02-23,wrong size,239.82
9993,9993,2023-03-13,late delivery,718.49
6741,6741,2022-05-14,wrong size,671.98
258,258,2023-09-03,defective,1537.52
12975,12975,2024-08-06,late delivery,1835.25
14688,14688,2022-10-26,late delivery,233.75
18644,18644,2024-05-24,changed mind,43.59
19552,19552,2024-08-08,late delivery,799.68
8067,8067,2023-12-01,defective,101.6
13104,13104,2022-12-30,defective,776.48
1769,1769,2023-01-25,late delivery,89.55
17090,17090,2024-09-10,defective,58.73
5060,5060,2023-12-07,wrong size,103.99
7093,7093,2023-08-19,late delivery,67.01
14603,14603,2024-12-31,late delivery,31.22
10312,10312,2022-12-05,defective,11.79
8802,8802,2022-11-24,defective,455.43
10578,10578,2022-09-16,late delivery,63.68
19483,19483,2022-07-28,late delivery,111.77
347,347,2023-08-20,defective,21.05
5149,5149,2022-08-04,changed mind,29.45
18009,18009,2023-04-24,wrong size,519.53
5021,5021,2023-10-06,defective,115.55
4345,4345,2024-11-22,wrong size,112.26
12865,12865,2024-05-03,changed mind,178.25
6302,6302,2023-01-10,changed mind,348.1
2982,2982,2023-05-09,defective,156.42
2415,2415,2023-11-22,late delivery,114.73
15598,15598,2022-02-28,wrong size,184.93
8798,8798,2024-03-21,defective,74.59
17551,17551,2023-10-11,changed mind,78.19
9412,9412,2023-06-02,late delivery,449.1
6076,6076,2023-08-13,changed mind,1123.23
3530,3530,2024-01-01,wrong size,1434.89
16523,16523,2024-11-24,late delivery,322.39
18440,18440,2023-01-11,defective,451.04
12580,12580,2024-01-20,changed mind,15.49
10291,10291,2022-11-04,changed mind,666.75
16752,16752,2025-01-18,late delivery,882.79
2066,2066,2022-04-10,changed mind,104.22
1705,1705,2022-06-04,wrong size,202.99
8142,8142,2022-07-18,wrong size,171.39
2085,2085,2022-04-18,changed mind,1133.13
18812,18812,2024-01-31,changed mind,278.78
104,104,2022-08-29,late delivery,299.37
17530,17530,2023-05-31,changed mind,109.62
5381,5381,2024-08-11,changed mind,152.37
14207,14207,2024-08-22,wrong size,230.66
1789,1789,2022-03-23,defective,597.5
18170,18170,2024-08-25,wrong size,261.77
15402,15402,2022-08-10,defective,182.34
4619,4619,2022-11-01,defective,81.26
12585,12585,2023-11-05,defective,135.76
17497,17497,2024-12-05,changed mind,300.92
4190,4190,2023-07-23,wrong size,926.29
4000,4000,2022-09-14,wrong size,720.75
12365,12365,2024-10-04,late delivery,855.56
16095,16095,2022-07-15,late delivery,573.2
8324,8324,2022-03-09,late delivery,417.4
11733,11733,2023-12-12,changed mind,648.59
3923,3923,2023-04-21,wrong size,171.94
11228,11228,2023-04-27,wrong size,249.47
12533,12533,2023-06-27,defective,369.65
12087,12087,2024-12-13,wrong size,361.05
3699,3699,2022-09-15,defective,439.65
5278,5278,2024-08-17,changed mind,720.83
11799,11799,2024-02-24,wrong size,510.89
58,58,2024-09-06,late delivery,587.73
17725,17725,2024-06-17,changed mind,475.08
19122,19122,2022-08-06,changed mind,1450.12
5514,5514,2024-01-29,wrong size,186.49
1490,1490,2024-04-18,changed mind,90.55
11626,11626,2024-10-22,late delivery,51.97
9438,9438,2024-03-02,late delivery,127.58
19884,19884,2022-04-26,wrong size,151.35
2468,2468,2022-03-21,late delivery,353.64
9743,9743,2022-08-04,changed mind,426.21
7054,7054,2022-10-03,changed mind,466.53
2027,2027,2023-03-13,late delivery,35.27
2813,2813,2022-02-05,wrong size,229.8
10250,10250,2024-06-24,changed mind,771.33
14993,14993,2024-09-01,late delivery,401.17
9017,9017,2024-01-17,late delivery,356.8
12385,12385,2024-06-23,defective,226.3
8855,8855,2024-02-11,late delivery,1079.73
14649,14649,2024-03-10,changed mind,854.9
16527,16527,2022-06-20,wrong size,796.11
11567,11567,2022-08-15,wrong size,268.94
16207,16207,2022-05-19,defective,111.23
17834,17834,2022-12-18,defective,392.78
380,380,2023-04-24,wrong size,128.18
16773,16773,2023-06-07,wrong size,712.12
1528,1528,2024-06-11,defective,76.82
7899,7899,2024-05-20,wrong size,1128.85
6562,6562,2022-11-12,defective,245.12
2389,2389,2024-04-25,wrong size,81.7
9882,9882,2024-07-22,changed mind,91.15
6691,6691,2022-02-21,changed mind,18.11
6921,6921,2022-05-02,wrong size,513.2
19087,19087,2022-05-22,wrong size,1657.7
15577,15577,2023-01-11,defective,792.91
15468,15468,2023-11-08,wrong size,98.24
10885,10885,2022-06-03,wrong size,545.76
17810,17810,2023-04-01,wrong size,667.16
8057,8057,2023-04-28,wrong size,194.66
15685,15685,2022-12-15,late delivery,899.96
12793,12793,2024-08-25,defective,237.04
9290,9290,2022-07-01,wrong size,727.88
6594,6594,2024-08-23,late delivery,293.44
4784,4784,2022-01-21,changed mind,300.56
3426,3426,2023-01-10,late delivery,510.26
912,912,2023-10-11,wrong size,106.88
19507,19507,2024-03-25,wrong size,70.68
16325,16325,2022-02-20,late delivery,1331.25
14845,14845,2024-08-04,late delivery,382.96
11659,11659,2022-03-24,wrong size,1230.55
15656,15656,2022-06-26,late delivery,15.79
4985,4985,2023-04-01,changed mind,177.12
3770,3770,2022-03-23,wrong size,248.57
6089,6089,2023-11-29,late delivery,95.85
1982,1982,2022-05-19,late delivery,437.96
6558,6558,2024-08-28,changed mind,365.13
16405,16405,2024-01-01,defective,49.24
5762,5762,2023-11-17,late delivery,736.4
14723,14723,2023-09-20,changed mind,797.59
5835,5835,2023-01-13,changed mind,935.69
7354,7354,2024-10-16,defective,243.88
7783,7783,2024-09-06,late delivery,231.19
3785,3785,2024-01-13,wrong size,185.47
18627,18627,2024-07-29,changed mind,1061.69
14327,14327,2022-04-24,wrong size,219.8
1536,1536,2024-03-22,defective,987.96
13982,13982,2023-09-05,late delivery,872.5
13594,13594,2023-08-13,late delivery,60.97
5422,5422,2023-09-09,defective,9.88
10993,10993,2024-02-05,wrong size,239.89
5528,5528,2022-03-16,defective,908.2
5184,5184,2022-02-07,late delivery,134.2
2606,2606,2022-09-20,wrong size,274.28
8084,8084,2023-01-31,changed mind,1491.83
16410,16410,2023-06-03,wrong size,213.54
7192,7192,2024-11-09,wrong size,1088.31
7538,7538,2024-08-30,wrong size,1148.55
4521,4521,2022-08-22,defective,682.34
7900,7900,2023-04-03,wrong size,899.5
9967,9967,2024-01-30,late delivery,237.57
8138,8138,2023-12-10,changed mind,1058.6
19923,19923,2024-11-28,defective,512.3
17057,17057,2022-08-31,late delivery,560.98
12241,12241,2022-01-16,late delivery,40.21
4817,4817,2023-05-02,defective,560.99
8482,8482,2022-12-29,changed mind,186.3
15381,15381,2024-01-03,defective,87.92
3060,3060,2023-02-03,changed mind,1038.29
14960,14960,2023-05-16,defective,1038.18
2449,2449,2022-03-10,wrong size,202.6
15923,15923,2024-06-18,wrong size,290.43
15265,15265,2024-05-14,late delivery,1145.38
4,4,2022-12-29,late delivery,519.46
16276,16276,2022-10-27,defective,885.55
12349,12349,2024-07-05,wrong size,344.55
11067,11067,2023-01-30,late delivery,183.84
13906,13906,2023-12-08,changed mind,821.85
15307,15307,2024-09-19,late delivery,207.44
8643,8643,2023-10-19,defective,426.5
8724,8724,2022-12-15,late delivery,523.74
345,345,2023-12-31,wrong size,167.13
6189,6189,2022-11-10,late delivery,313.59
17242,17242,2023-12-04,changed mind,304.72
11883,11883,2022-07-13,wrong size,658.45
18278,18278,2024-10-16,changed mind,656.71
12934,12934,2022-03-14,defective,167.9
3316,3316,2023-01-30,defective,260.39
19388,19388,2023-10-17,late delivery,131.0
5249,5249,2022-06-24,defective,746.89
5382,5382,2022-02-05,defective,614.65
13709,13709,2024-02-14,wrong size,538.05
43,43,2022-06-17,changed mind,500.29
13304,13304,2022-01-14,wrong size,187.0
10260,10260,2023-03-16,wrong size,562.11
796,796,2023-11-29,wrong size,458.36
10027,10027,2023-06-24,defective,554.85
14308,14308,2024-06-27,defective,500.43
2550,2550,2023-09-02,late delivery,340.12
14625,14625,2023-05-03,defective,258.35
13611,13611,2022-06-09,late delivery,80.09
7531,7531,2024-09-23,late delivery,934.56
17461,17461,2023-01-31,changed mind,161.33
3101,3101,2022-09-01,wrong size,307.1
16817,16817,2022-05-23,wrong size,743.04
11249,11249,2022-06-26,wrong size,673.44
13824,13824,2023-12-19,late delivery,1578.8
47,47,2024-06-06,late delivery,156.76
19829,19829,2023-08-03,wrong size,816.06
19382,19382,2022-08-04,late delivery,613.67
4308,4308,2023-07-02,wrong size,306.92
16169,16169,2023-03-18,late delivery,113.36
4230,4230,2022-10-12,defective,62.2
4915,4915,2024-06-10,late delivery,120.58
17628,17628,2025-01-10,late delivery,1184.58
15911,15911,2024-07-13,defective,67.56
9890,9890,2022-08-05,wrong size,467.91
15133,15133,2023-10-22,wrong size,111.83
17813,17813,2022-12-15,late delivery,233.93
8970,8970,2024-10-25,late delivery,187.68
10463,10463,2023-09-24,defective,347.18
16786,16786,2024-02-16,late delivery,517.5
5894,5894,2023-06-18,wrong size,535.62
5457,5457,2023-02-14,defective,786.76
8301,8301,2023-06-03,changed mind,301.98
12398,12398,2022-07-07,defective,265.08
2190,2190,2022-02-15,defective,464.32
7918,7918,2023-02-22,wrong size,305.43
14144,14144,2023-02-18,defective,92.63
2603,2603,2024-10-21,late delivery,141.37
16671,16671,2023-02-07,late delivery,51.27
9949,9949,2024-06-22,defective,636.48
10276,10276,2022-08-10,late delivery,771.97
13771,13771,2023-02-09,defective,601.83
14893,14893,2022-04-20,defective,593.45
11694,11694,2024-07-24,late delivery,117.44
9124,9124,2024-08-15,changed mind,708.82
4984,4984,2023-06-29,wrong size,155.38
10181,10181,2024-06-13,wrong size,968.1
15364,15364,2022-08-28,changed mind,203.19
12615,12615,2023-05-30,changed mind,418.54
7229,7229,2022-12-11,defective,578.04
7884,7884,2024-08-10,wrong size,617.51
13485,13485,2022-10-27,wrong size,409.88
19051,19051,2023-04-07,late delivery,852.47
19035,19035,2024-03-25,changed mind,76.2
17914,17914,2022-03-28,late delivery,856.36
2504,2504,2025-01-06,late delivery,520.2
19392,19392,2023-11-21,wrong size,257.21
4631,4631,2022-06-23,late delivery,41.37
1511,1511,2023-08-06,changed mind,118.6
6286,6286,2022-10-26,changed mind,66.15
15443,15443,2022-11-20,wrong size,117.41
18531,18531,2022-08-05,changed mind,248.73
14836,14836,2022-05-19,defective,205.71
13302,13302,2024-01-28,defective,327.91
12755,12755,2022-06-04,late delivery,210.4
18744,18744,2024-11-18,changed mind,130.52
19895,19895,2024-01-23,wrong size,101.84
1902,1902,2022-03-01,late delivery,951.9
709,709,2022-09-10,late delivery,628.68
16125,16125,2024-12-16,wrong size,661.39
5237,5237,2023-06-10,changed mind,117.3
2496,2496,2022-07-26,late delivery,979.95
689,689,2024-06-04,wrong size,952.47
4451,4451,2023-01-16,changed mind,146.3
3185,3185,2023-08-20,changed mind,306.67
11488,11488,2023-04-18,wrong size,38.61
13650,13650,2022-07-09,wrong size,1132.31
10586,10586,2024-11-08,wrong size,119.29
2572,2572,2022-08-12,defective,153.14
12660,12660,2022-04-20,wrong size,55.26
7732,7732,2023-02-02,wrong size,57.89
8510,8510,2023-08-17,late delivery,775.56
10530,10530,2023-06-22,defective,423.14
7150,7150,2024-01-31,late delivery,1406.55
17235,17235,2023-07-27,wrong size,230.4
8181,8181,2024-11-21,wrong size,208.79
19134,19134,2024-01-19,changed mind,747.76
11774,11774,2024-05-29,changed mind,389.72
4337,4337,2023-01-17,defective,1236.67
1431,1431,2024-01-13,changed mind,514.16
11616,11616,2024-07-13,wrong size,234.24
16172,16172,2023-10-29,changed mind,365.18
5538,5538,2024-01-27,changed mind,40.5
16827,16827,2024-05-22,wrong size,260.35
7232,7232,2022-03-04,changed mind,41.4
19236,19236,2023-09-25,changed mind,364.84
2271,2271,2024-09-11,defective,165.54
5901,5901,2024-08-04,defective,368.6
3508,3508,2022-05-08,defective,671.99
16886,16886,2023-08-09,changed mind,122.53
18146,18146,2023-05-29,wrong size,215.24
14160,14160,2024-09-15,wrong size,1113.69
14094,14094,2023-03-31,defective,483.97
13584,13584,2022-06-09,wrong size,57.98
3172,3172,2022-05-05,defective,156.38
3887,3887,2023-08-17,wrong size,116.9
10329,10329,2023-04-09,late delivery,105.15
18297,18297,2023-05-27,wrong size,91.68
4756,4756,2023-02-16,defective,1118.45
18356,18356,2023-04-02,changed mind,212.3
12506,12506,2022-05-20,late delivery,226.46
10245,10245,2023-02-20,late delivery,282.36
9735,9735,2023-04-19,changed mind,33.95
7366,7366,2022-04-21,late delivery,573.5
12494,12494,2022-08-15,wrong size,862.71
16556,16556,2022-06-07,defective,357.96
5785,5785,2022-08-16,defective,153.99
17294,17294,2022-06-29,changed mind,70.94
13100,13100,2022-12-07,defective,913.8
9381,9381,2024-02-03,changed mind,187.34
12400,12400,2022-03-07,changed mind,417.7
14887,14887,2024-03-25,changed mind,268.99
12860,12860,2024-07-11,late delivery,219.42
14797,14797,2023-10-15,defective,1059.59
5599,5599,2024-02-21,wrong size,186.54
9053,9053,2024-12-05,late delivery,1047.12
15325,15325,2022-05-22,wrong size,465.08
8953,8953,2022-02-15,changed mind,357.52
5801,5801,2024-11-14,defective,1015.34
6085,6085,2023-06-08,late delivery,61.79
18020,18020,2022-06-02,defective,316.96
15343,15343,2023-04-25,defective,165.96
19001,19001,2023-10-13,wrong size,47.52
16533,16533,2022-02-28,late delivery,623.75
7878,7878,2024-02-01,late delivery,652.4
2278,2278,2023-01-04,changed mind,564.19
6429,6429,2024-01-08,defective,360.52
8247,8247,2024-06-07,changed mind,99.65
17623,17623,2023-03-13,late delivery,1014.48
4372,4372,2023-06-09,late delivery,754.9
6960,6960,2023-09-25,changed mind,146.28
9566,9566,2022-08-09,wrong size,273.35
7090,7090,2024-07-03,late delivery,642.7
9902,9902,2023-08-17,changed mind,597.08
6830,6830,2024-10-13,changed mind,411.2
1163,1163,2022-04-11,late delivery,160.99
2865,2865,2023-06-15,defective,167.31
17035,17035,2022-01-27,wrong size,116.76
9619,9619,2023-12-27,changed mind,531.2
13161,13161,2024-06-04,defective,127.42
7553,7553,2023-01-19,defective,232.31
7748,7748,2022-12-24,defective,11.79
13541,13541,2024-03-17,changed mind,1312.61
14813,14813,2022-07-22,late delivery,891.85
10203,10203,2022-10-24,changed mind,80.55
11061,11061,2023-10-26,late delivery,189.89
15324,15324,2023-02-09,late delivery,290.59
18452,18452,2022-11-10,wrong size,586.44
6988,6988,2023-03-24,late delivery,49.08
18875,18875,2024-03-31,changed mind,256.62
1356,1356,2023-12-06,wrong size,871.04
13909,13909,2023-06-02,defective,51.14
8817,8817,2023-08-29,wrong size,17.2
7168,7168,2023-08-24,changed mind,539.33
18464,18464,2024-09-06,late delivery,120.92
8311,8311,2022-09-25,wrong size,540.5
8350,8350,2023-09-20,defective,209.64
16612,16612,2023-07-05,late delivery,526.12
12789,12789,2024-06-25,defective,311.09
9003,9003,2024-09-12,late delivery,283.78
3902,3902,2022-07-07,changed mind,1257.8
10766,10766,2022-06-29,changed mind,226.37
5815,5815,2022-02-28,changed mind,676.23
6221,6221,2023-08-02,defective,186.16
564,564,2023-10-29,late delivery,1260.72
7299,7299,2022-09-15,changed mind,551.52
16067,16067,2024-04-23,defective,63.86
12592,12592,2023-01-29,late delivery,317.78
12390,12390,2022-07-01,changed mind,90.84
13583,13583,2024-12-30,late delivery,1300.55
2560,2560,2023-10-13,late delivery,436.87
7200,7200,2022-11-19,wrong size,240.82
11597,11597,2024-01-09,wrong size,465.0
827,827,2025-01-01,changed mind,59.86
5946,5946,2023-05-21,defective,677.88
8824,8824,2024-02-19,wrong size,369.07
16009,16009,2023-10-04,changed mind,211.59
11542,11542,2023-01-08,late delivery,110.19
14812,14812,2022-03-20,changed mind,225.15
291,291,2022-03-08,wrong size,644.24
4769,4769,2022-06-13,late delivery,900.5
6673,6673,2023-01-05,late delivery,261.1
5655,5655,2023-04-28,late delivery,450.26
3927,3927,2024-04-10,changed mind,694.66
11627,11627,2023-02-22,late delivery,899.89
7223,7223,2024-05-10,late delivery,309.46
16090,16090,2023-12-02,wrong size,813.1
2899,2899,2023-03-11,defective,190.0
13617,13617,2022-04-27,changed mind,177.1
7584,7584,2022-03-25,wrong size,108.0
14458,14458,2024-02-23,late delivery,117.56
641,641,2024-09-19,wrong size,231.35
12832,12832,2023-07-10,changed mind,38.57
16723,16723,2022-10-24,late delivery,430.16
19896,19896,2024-08-05,defective,1087.8
12746,12746,2023-05-25,late delivery,217.75
483,483,2024-10-16,wrong size,197.44
6092,6092,2024-10-24,wrong size,1165.09
7291,7291,2023-05-17,changed mind,363.15
12953,12953,2024-04-16,changed mind,905.92
17595,17595,2024-06-12,late delivery,1014.9
10129,10129,2023-02-14,wrong size,191.2
19471,19471,2022-08-01,wrong size,270.11
19836,19836,2022-05-24,late delivery,1338.95
3979,3979,2022-10-10,late delivery,1262.66
6422,6422,2024-06-25,late delivery,312.01
3376,3376,2025-01-05,defective,315.14
13610,13610,2024-12-31,defective,210.73
16925,16925,2024-06-13,defective,171.83
4780,4780,2023-03-06,changed mind,56.4
6933,6933,2023-01-19,defective,87.18
17687,17687,2023-05-10,changed mind,244.47
17026,17026,2022-11-07,changed mind,35.48
2623,2623,2023-01-06,wrong size,262.84
11929,11929,2022-02-28,late delivery,162.45
18086,18086,2024-12-10,changed mind,851.36
18731,18731,2023-11-05,wrong size,676.74
4581,4581,2022-07-02,wrong size,245.38
15096,15096,2022-10-23,wrong size,86.44
12316,12316,2024-02-27,defective,395.91
12472,12472,2022-06-27,defective,83.46
9203,9203,2023-01-10,changed mind,1214.29
16205,16205,2024-08-29,late delivery,33.59
6464,6464,2023-06-05,changed mind,178.79
11711,11711,2023-04-20,wrong size,263.14
1154,1154,2024-07-25,defective,173.56
16497,16497,2023-07-25,defective,765.64
9927,9927,2022-02-17,late delivery,344.63
17966,17966,2023-06-27,late delivery,308.83
16970,16970,2022-09-27,wrong size,300.85
16829,16829,2022-06-07,defective,219.48
11904,11904,2024-09-11,changed mind,138.15
9202,9202,2024-10-18,wrong size,483.71
17671,17671,2023-11-12,defective,307.35
5636,5636,2024-03-29,wrong size,269.23
4881,4881,2022-11-16,late delivery,63.07
14659,14659,2024-11-02,defective,59.16
4025,4025,2024-06-12,wrong size,48.46
7201,7201,2023-12-14,defective,1065.56
8188,8188,2022-05-25,defective,213.18
4511,4511,2024-11-02,changed mind,349.63
4073,4073,2024-04-26,changed mind,846.23
11025,11025,2022-09-27,late delivery,698.76
18865,18865,2023-09-23,defective,399.95
17225,17225,2024-10-19,wrong size,120.28
19661,19661,2022-06-18,defective,1285.29
17064,17064,2024-04-02,wrong size,165.38
853,853,2022-10-03,late delivery,167.63
468,468,2024-07-29,changed mind,110.3
6663,6663,2023-04-27,late delivery,550.71
12326,12326,2024-02-23,changed mind,740.89
16819,16819,2024-10-08,wrong size,1130.31
10498,10498,2024-12-28,changed mind,711.27
16755,16755,2022-10-28,changed mind,663.3
19972,19972,2023-08-04,defective,12.41
11496,11496,2024-11-19,late delivery,130.73
10733,10733,2024-08-23,changed mind,303.06
737,737,2023-05-05,defective,739.88
8137,8137,2022-08-24,defective,1035.43
11124,11124,2022-05-11,defective,188.57
11794,11794,2023-11-06,late delivery,298.07
12091,12091,2024-10-12,late delivery,328.4
11508,11508,2023-12-28,wrong size,218.23
451,451,2023-05-13,wrong size,334.36
10947,10947,2024-10-22,defective,1408.65
7015,7015,2023-02-24,wrong size,811.92
2458,2458,2024-10-13,defective,24.35
